{
    "train_loss": [
        2.3325187669446072,
        0.6682339378943046,
        0.4799608013903101,
        0.5769291101023555,
        0.5481706615537405,
        0.4406333693768829,
        0.3459879970178008,
        0.27908534263648715,
        0.3042045451390247,
        0.3354654728124539,
        0.3405367382802069,
        0.29196906586488086,
        0.21841938963931776,
        0.20645441153707603,
        0.2448425925516252,
        0.19768933346495032,
        0.20203664751412967,
        0.1694280303781852,
        0.18047585035674274,
        0.1709905614843592,
        0.1724022557027638,
        0.16639036555231237,
        0.2678117093940576,
        0.2039505153788165,
        0.1314727298243573
    ],
    "train_acc": [
        64.27622841965471,
        74.03718459495352,
        82.60292164674635,
        79.4820717131474,
        81.00929614873839,
        83.99734395750332,
        89.8406374501992,
        88.91102257636122,
        89.57503320053121,
        92.49667994687915,
        87.84860557768924,
        89.50863213811421,
        92.03187250996017,
        93.69189907038512,
        91.63346613545816,
        92.56308100929616,
        92.96148738379814,
        94.28950863213811,
        94.22310756972112,
        94.8207171314741,
        94.55511288180611,
        95.61752988047809,
        91.69986719787516,
        93.02788844621514,
        95.35192563081009
    ],
    "val_loss": [
        0.6140857420184396,
        0.4098608453165401,
        0.33652848276225006,
        0.38714729926802893,
        0.26549553126096725,
        0.35103339566425845,
        0.2611886276440187,
        0.11600370180200446,
        0.1514728512953628,
        0.13700485447770916,
        0.40641390735452826,
        0.12521675784691152,
        0.10658906095407226,
        0.05460566214539788,
        0.06836164742708206,
        0.06732008580795744,
        0.05387235331264409,
        0.06211811780336906,
        0.06061718130314892,
        0.05153735862536864,
        0.06743286620952528,
        0.07100999414582145,
        0.04287064757028764,
        0.03931705219755796,
        0.05597671945791014
    ],
    "val_acc": [
        67.70186335403727,
        89.75155279503106,
        86.64596273291926,
        89.75155279503106,
        86.95652173913044,
        79.5031055900621,
        90.6832298136646,
        96.58385093167702,
        93.7888198757764,
        95.03105590062111,
        79.8136645962733,
        96.27329192546584,
        97.20496894409938,
        98.4472049689441,
        98.75776397515529,
        98.13664596273291,
        99.06832298136646,
        97.20496894409938,
        97.82608695652173,
        98.13664596273291,
        97.82608695652173,
        95.96273291925466,
        98.4472049689441,
        98.4472049689441,
        98.13664596273291
    ]
}