{
    "train_loss": [
        0.2133901222628083,
        0.12381011649267748,
        0.13513060924985135,
        0.08176648381534808,
        0.06543622270070652,
        0.03826032780610452,
        0.027300958199096687,
        0.031953994941536244,
        0.06856325970450901,
        0.028448389590873074,
        0.018365070299599513,
        0.07162188327720287,
        0.04949008203205333,
        0.10644098393913737,
        0.07304581814969424,
        0.03994009081983071,
        0.12229598766680283,
        0.0443137948338214,
        0.020569939507671126,
        0.05881487365021106,
        0.049574259792886245,
        0.048317536969989305,
        0.023624644901398522,
        0.033726087208378885,
        0.13584226093644247
    ],
    "train_acc": [
        90.3718459495352,
        97.27755644090306,
        96.87915006640107,
        98.07436918990705,
        97.80876494023904,
        98.80478087649402,
        99.26958831341301,
        99.07038512616202,
        99.00398406374502,
        99.26958831341301,
        99.13678618857902,
        99.13678618857902,
        98.47277556440903,
        99.07038512616202,
        97.87516600265604,
        99.33598937583001,
        98.07436918990705,
        98.47277556440903,
        99.26958831341301,
        99.26958831341301,
        99.07038512616202,
        98.80478087649402,
        99.07038512616202,
        99.00398406374502,
        98.60557768924303
    ],
    "val_loss": [
        0.10284546887506126,
        0.03661486296385357,
        0.04104771184570795,
        0.05117047969336206,
        0.03402803211627708,
        0.03748497002313591,
        0.038949118407122736,
        0.022352889165714176,
        0.02494445516119661,
        0.02857377340710214,
        0.027374091105023333,
        0.019996611367332662,
        0.031091661947088636,
        0.02345661368483608,
        0.047323553186433026,
        0.019251575013516486,
        0.017392159007530692,
        0.03423294970839792,
        0.03024884828079683,
        0.028944858930282372,
        0.019775858423269132,
        0.02538627893822691,
        0.01676617754765175,
        0.010497746478387688,
        0.019021194680466248
    ],
    "val_acc": [
        97.51552795031056,
        98.75776397515529,
        98.13664596273291,
        98.13664596273291,
        98.4472049689441,
        98.4472049689441,
        98.4472049689441,
        99.37888198757764,
        98.75776397515529,
        98.75776397515529,
        99.37888198757764,
        99.37888198757764,
        98.4472049689441,
        99.06832298136646,
        99.06832298136646,
        98.4472049689441,
        99.06832298136646,
        99.06832298136646,
        99.37888198757764,
        98.75776397515529,
        99.37888198757764,
        98.75776397515529,
        99.68944099378882,
        99.06832298136646,
        99.37888198757764
    ]
}