{
    "train_loss": [
        0.3760222018075486,
        0.11790254672814626,
        0.06869955073246577,
        0.07367413252616946,
        0.050512718547452096,
        0.12311121610643265,
        0.17118462168097417,
        0.11614111692081981,
        0.1693385863691219,
        0.11473421836368895,
        0.10313315500388853,
        0.06639448091906767,
        0.13709973246295704,
        0.1257533589572025,
        0.047953013871544194,
        0.06333182556651688,
        0.109375136642484,
        0.056207497463068044,
        0.08498965114025243,
        0.048612463200697675,
        0.08289756962039974,
        0.03830833005000992,
        0.10145703563951732,
        0.0391281747931013,
        0.07059007304390737
    ],
    "train_acc": [
        87.78220451527224,
        96.01593625498008,
        97.54316069057104,
        97.21115537848605,
        97.67596281540504,
        98.00796812749005,
        94.68791500664011,
        96.01593625498008,
        98.00796812749005,
        96.34794156706508,
        97.27755644090306,
        97.34395750332006,
        97.94156706507304,
        98.00796812749005,
        98.47277556440903,
        98.33997343957503,
        98.47277556440903,
        98.00796812749005,
        98.60557768924303,
        98.07436918990705,
        98.40637450199203,
        98.60557768924303,
        99.13678618857902,
        98.60557768924303,
        98.53917662682603
    ],
    "val_loss": [
        0.22197045351971278,
        0.12500283900656292,
        0.04845204248968829,
        0.06724788266728865,
        0.21534043298570602,
        0.03493092176921147,
        0.053463515719737516,
        0.05943633012159146,
        0.06509786264293572,
        0.1173658056888433,
        0.046208654185069135,
        0.06325955415112813,
        0.05373522457243367,
        0.09191506662781732,
        0.08096303180685606,
        0.09967456278272122,
        0.04181233609349213,
        0.053546929102264,
        0.07341005575620908,
        0.05091679263436659,
        0.03577847579832782,
        0.08734392497453056,
        0.05057098083621399,
        0.05286519609217066,
        0.05477305328994672
    ],
    "val_acc": [
        89.44099378881988,
        95.3416149068323,
        97.82608695652173,
        97.20496894409938,
        93.16770186335404,
        98.4472049689441,
        97.82608695652173,
        97.51552795031056,
        97.51552795031056,
        96.8944099378882,
        98.13664596273291,
        97.82608695652173,
        97.82608695652173,
        96.27329192546584,
        96.58385093167702,
        95.65217391304348,
        98.4472049689441,
        97.20496894409938,
        96.8944099378882,
        97.51552795031056,
        98.13664596273291,
        96.27329192546584,
        97.51552795031056,
        98.13664596273291,
        97.20496894409938
    ]
}